﻿<?xml version="1.0" encoding="utf-8" ?>
<root>

  <description>A cold, stone cellar is lit in a pale red light.</description>

  <hint>Geralt: "Can't do much while that nekker is in the way."</hint>

  <exit>
    <keyword>stairs</keyword>
    <description>A set of uneven stone #stairs^ staggers upward.</description>
    <onCheck>Warmth and torch light flow down the #stairs^.</onCheck>
    <destination>Hall.xml</destination>
  </exit>

  <exit>
    <keyword>gate</keyword>
    <description>Swirling red mist bars entrance to a magical #gate^.</description>
    <onCheck>The #gate^ lets nothing enter, but pours out malice and desire.</onCheck>
    <destination></destination>
    <isLocked/>
  </exit>

  <prop>
    <keyword>carcass</keyword>
    <description>A stinking #carcass^ rots before the red #gate^.</description>
    <onCheck>It is the body of a wolf.  It was stabbed several times.</onCheck>
  </prop>

  <prop>
    <keyword>boy</keyword>
    <description>A #boy^ shivers in the corner.</description>
    <onCheck>The #boy^ is tall.  His arms shield his face.  A mess of red hair peeks over them.</onCheck>
  </prop>

  <prop>
    <keyword>wolf</keyword>
    <description>A #wolf^ stands strong, protecting the #boy^ from a yet more wicked creature.</description>
    <onCheck>Its ears are down, and its hairs stand on end.  It gnashes its teeth when the nekker comes too near.</onCheck>
  </prop>

  <character>
    <keyword>nekker</keyword>
  </character>

</root>