﻿<?xml version="1.0" encoding="utf-8" ?>
<root>

  <description>Stars speckle the sky above the clearing.</description>

  <hint>Geralt: "Joss might be in that hut."</hint>

  <exit>
    <keyword>stream</keyword>
    <description>A #stream^ babble quietly a short way off.</description>
    <onCheck>The #stream^ has an easy current.  It's shallow, but cold.</onCheck>
    <destination>Stream.xml</destination>
  </exit>

  <exit>
    <keyword>hut</keyword>
    <description>A shabby #hut^ crowns a hill overgrown with weeds.</description>
    <onCheck>Green and orange light shoots from the windows.  A voice cackles within.</onCheck>
    <destination></destination>
    <isLocked/>
  </exit>

  <exit>
    <keyword>trench</keyword>
    <description>The beginnings of a #trench^ lead toward the back of the #hut^.</description>
    <onCheck>The #trench^ starts off shallow, but slopes downward sharply as it makes its way toward the hill.</onCheck>
    <destination>Trench.xml</destination>
  </exit>

</root>