﻿<?xml version="1.0" encoding="utf-8" ?>
<root>

  <description>Thorns prick your skin as you push through the deep woods.</description>

  <hint>Geralt: "Can't give up now.  Got to keep moving on."</hint>

  <exit>
    <keyword>stream</keyword>
    <description>A #stream^ babbles quietly a short way off.</description>
    <onCheck>The #stream^ has an easy current.  It's shallow, but cold.</onCheck>
    <destination>Stream.xml</destination>
  </exit>

  <item>
    <keyword>torch</keyword>
    <description>Jack holds an unlit #torch^ in his outstretched arm.</description>
    <onCheck>This can light up dark places.</onCheck>
    <id>0</id>
    <onTake>incdetaileddescription jack|check jack|destroy jack</onTake>
  </item>

</root>