﻿<?xml version="1.0" encoding="utf-8" ?>
<root>

  <description>The witch screams in agony and perishes.  Flames spew from the cauldron. The entire hut begins to burn.  Orange and green fires rush to the very roots of the hill. You stomp the front door and its wooden planks splinter and fly into the night. You sprint away from the inferno and back to the village.</description>

  <hint>Geralt: "What a shame!  Better give this another shot."</hint>

  <exit>
    <keyword>portal</keyword>
    <description>At the edge of town, a blue #portal^ shines behind a small, dark figure.</description>
    <onCheck>Dawn is coming soon, but the portal reminds you of dusk.

Geralt: I hate portals. They make my stomach churn.</onCheck>
    <destination>Village_Jack.xml</destination>
    <onGo>restart</onGo>
  </exit>

  <character>
    <keyword>jack</keyword>
  </character>

</root>