﻿<?xml version="1.0" encoding="utf-8" ?>
<root>

  <description>The mist of the gate vanishes, but the tree roots spring from the walls of the trench, barring the way out.</description>

  <hint>Geralt: "Looks like there's only one way to go.  Maybe there is something interesting to @check^ on that #paper^."</hint>

  <exit>
    <keyword>clearing</keyword>
    <description>The #clearing^ is at the top of the slope, behind the tree roots.</description>
    <onCheck>Stars speckle the sky above the #clearing^.</onCheck>
    <destination></destination>
    <isLocked/>
  </exit>

  <exit>
    <keyword>gate</keyword>
    <description>An open #gate^ stands at the end of the trench.</description>
    <onCheck>A dark void opens behind the #gate^.</onCheck>
    <destination>HallDark.xml</destination>
  </exit>

  <exit>
    <keyword>trench</keyword>
    <description></description>
    <onCheck></onCheck>
    <destination>Trench.xml</destination>
  </exit>

  <prop>
    <keyword>moss</keyword>
    <description>#Moss^ covers the walls of the trench.</description>
    <onCheck>The moss is dry and grey.</onCheck>
  </prop>

  <prop>
    <keyword>tiles</keyword>
    <description>A group of polished #tiles^ are pressed into the wall near the gate.</description>
    <onCheck>At the center of the #tiles^ is a small #hole^.</onCheck>
  </prop>

  <prop>
    <keyword>hole</keyword>
    <description></description>
    <onCheck>Something small could fit inside this hole.</onCheck>
    <wantsItemId>1</wantsItemId>
    <onUse>go trench|dropsilent stone</onUse>
  </prop>

  <prop>
    <keyword>paper</keyword>
    <description>A leaf of #paper^ rests on the ground.</description>
    <onCheck>A note is written in Joss's hand: "To @use^ an item in your @inventory^ type 'use' then the item's name and then the name the thing you want to use the item on, and then hit ENTER. For example, to lock a gate, a witch could type 'use stone hole'."</onCheck>
  </prop>

</root>