﻿<?xml version="1.0" encoding="utf-8" ?>
<root>

  <description>The floor of the trench slopes steeply downward.  Groping tree roots recoil into the soft dirt walls of the trench.</description>

  <hint>Geralt: "Don't need to power up this gate.  I've got to @take^ the power away somehow. I'll @check^ the things around me to find out."</hint>

  <exit>
    <keyword>clearing</keyword>
    <description>The #clearing^ is at the top of the slope.</description>
    <onCheck>Stars speckle the sky above the #clearing^.</onCheck>
    <destination>Clearing.xml</destination>
  </exit>

  <exit>
    <keyword>gate</keyword>
    <description>A glowing #gate^ fills with swirling purple mist and stands at the end of the trench.</description>
    <onCheck>One does not simple walk through this gate.  There must be some kind of mechanism to open it.</onCheck>
    <destination></destination>
    <isLocked/>
  </exit>

  <exit>
    <keyword>trench_gateopen</keyword>
    <description></description>
    <onCheck></onCheck>
    <destination>Trench_GateOpen.xml</destination>
  </exit>

  <prop>
    <keyword>moss</keyword>
    <description>#Moss^ covers the walls of the trench.</description>
    <onCheck>The moss is dry and grey.</onCheck>
  </prop>

  <prop>
    <keyword>tiles</keyword>
    <description>A group of polished #tiles^ are pressed into the wall near the gate.</description>
    <onCheck>At the center of the #tiles^ is a small #hole^.  A purple, glowing #stone^ hovers inside.</onCheck>
  </prop>

  <prop>
    <keyword>hole</keyword>
    <description></description>
    <onCheck>At the center of the #tiles^ is a small #hole^.  A purple, glowing #stone^ hovers inside.</onCheck>
  </prop>

  <prop>
    <keyword>paper</keyword>
    <description>A leaf of #paper^ rests on the ground.</description>
    <onCheck>A note is written in Joss's hand: "To @use^ an item in your @inventory^ type 'use' then the item's name and then the name the thing you want to use the item on, and then hit ENTER. For example, to lock a gate, a witch could type 'use stone hole'."</onCheck>
  </prop>

  <item>
    <keyword>stone</keyword>
    <description></description>
    <onCheck>It glows purple as though it is full of energy.</onCheck>
    <id>1</id>
    <onTake>go trench_gateopen</onTake>
  </item>

</root>