﻿<?xml version="1.0" encoding="utf-8" ?>
<root>

  <description>The trap door opens silently.  The room is bright and warm, but eerie.</description>

  <hint>Geralt: "Only one way to deal with a witch."</hint>

  <exit>
    <keyword>ladder</keyword>
    <description>A wooden #ladder^ climbs down through a trap door in the floor.</description>
    <onCheck>Pale torch light flickers below.</onCheck>
    <destination>Hall.xml</destination>
  </exit>
  
  <exit>
    <keyword>ending</keyword>
    <description></description>
    <onCheck></onCheck>
    <destination>Ending.xml</destination>
  </exit>

  <prop>
    <keyword>cauldron</keyword>
    <description>Fumes and flames erupt from a bubbling #cauldron^.</description>
    <onCheck>Teeming with energy, it shakes and rattles at the witch's words.</onCheck>
  </prop>

  <character>
    <keyword>witch</keyword>
  </character>

</root>